time,BL_H,kdown,wind_speed,wind_direction
2016-04-12 00:00:00,16.5,0.0,5.2156615,224.02898
2016-04-12 01:00:00,13.5,0.0,4.7053823,230.38931
2016-04-12 02:00:00,12.875,0.0,5.138701,228.94519
2016-04-12 03:00:00,-5.875,0.0,4.333734,236.76828
2016-04-12 04:00:00,9.0,0.0,5.6596155,223.21008
2016-04-12 05:00:00,10.25,0.046875,4.626689,231.58194
2016-04-12 06:00:00,7.125,41.046875,4.8023434,231.3402
2016-04-12 07:00:00,24.375,138.17188,5.045109,221.98721
2016-04-12 08:00:00,41.0,300.04688,3.7291086,230.44034
2016-04-12 09:00:00,112.625,548.46875,4.3535185,230.82634
2016-04-12 10:00:00,160.0,665.6719,3.9863048,228.81407
2016-04-12 11:00:00,206.375,747.2656,4.069705,222.51045
2016-04-12 12:00:00,246.5,757.2656,4.177694,218.92755
2016-04-12 13:00:00,250.5,728.8594,3.4482787,226.4688
2016-04-12 14:00:00,141.125,585.03125,1.9764235,214.69516
2016-04-12 15:00:00,156.875,339.42188,3.3587573,225.0
2016-04-12 16:00:00,122.875,312.82812,3.134984,203.49857
2016-04-12 17:00:00,112.5,38.578125,5.826931,215.39479
2016-04-12 18:00:00,209.375,3.09375,12.067518,256.82745
2016-04-12 19:00:00,43.0,0.0,6.915788,353.77417
2016-04-12 20:00:00,4.375,0.0,4.201934,30.379135
2016-04-12 21:00:00,5.25,0.0,2.1286733,130.23636
2016-04-12 22:00:00,4.0,0.0,2.0804145,122.73523
2016-04-12 23:00:00,6.375,0.0,2.6516504,171.8699
2016-04-13 00:00:00,7.875,0.0,2.9261749,109.98311
2016-04-13 01:00:00,6.0,0.0,1.7001839,107.10273
2016-04-13 02:00:00,-1.375,0.0,2.4653854,210.46555
2016-04-13 03:00:00,-4.625,0.0,3.6271546,268.0251
2016-04-13 04:00:00,-1.375,0.0,2.6925824,248.1986
2016-04-13 05:00:00,-1.625,0.59375,2.885849,274.96973
2016-04-13 06:00:00,-2.0,104.640625,1.7544585,274.08563
2016-04-13 07:00:00,-32.875,268.95312,2.795085,333.43494
2016-04-13 08:00:00,23.875,414.39062,0.4506939,236.30994
2016-04-13 09:00:00,80.5,529.0156,1.767767,171.8699
2016-04-13 10:00:00,127.375,674.3594,1.6007811,128.6598
2016-04-13 11:00:00,153.5,687.84375,1.3462912,111.80141
2016-04-13 12:00:00,160.75,667.1719,1.0077822,187.12502
2016-04-13 13:00:00,208.0,734.7656,1.5258194,235.00798
2016-04-13 14:00:00,206.75,440.85938,2.6279745,244.65382
2016-04-13 15:00:00,178.625,256.48438,3.0872722,248.62938
2016-04-13 16:00:00,256.625,311.70312,8.125,194.25003
2016-04-13 17:00:00,122.375,193.23438,5.5226803,185.19443
2016-04-13 18:00:00,85.75,21.046875,4.065864,225.0
2016-04-13 19:00:00,210.125,0.0,8.790976,299.84595
2016-04-13 20:00:00,38.875,0.0,7.3919296,356.1215
2016-04-13 21:00:00,10.75,0.0,0.2795085,153.43495
2016-04-13 22:00:00,-5.375,0.0,2.4011717,128.6598
2016-04-13 23:00:00,3.75,0.0,1.4577379,239.03624
2016-04-14 00:00:00,17.75,0.0,2.8504386,127.874985
2016-04-14 01:00:00,11.0,0.0,2.125,151.92752
2016-04-14 02:00:00,5.5,0.0,1.1319232,173.6598
2016-04-14 03:00:00,9.5,0.0,2.7443123,210.06859
2016-04-14 04:00:00,4.5,0.0,2.1286733,229.76364
2016-04-14 05:00:00,3.75,1.171875,1.8200275,254.0546
2016-04-14 06:00:00,0.75,99.109375,1.2869538,209.0546
2016-04-14 07:00:00,9.5,264.40625,0.2795085,206.56505
2016-04-14 08:00:00,37.75,380.59375,0.80039054,141.3402
2016-04-14 09:00:00,77.25,437.34375,1.0307764,194.03624
2016-04-14 10:00:00,125.5,447.84375,1.7001839,143.97263
2016-04-14 11:00:00,112.875,516.625,2.0348525,137.48955
2016-04-14 12:00:00,106.25,514.3906,2.503123,182.86241
2016-04-14 13:00:00,159.0,626.90625,4.881406,182.93567
2016-04-14 14:00:00,149.75,643.5,3.9469132,169.04594
2016-04-14 15:00:00,153.125,156.6875,5.9384866,210.34325
2016-04-14 16:00:00,105.625,230.54688,5.153882,194.03624
2016-04-14 17:00:00,121.125,164.59375,6.2274594,190.40771
2016-04-14 18:00:00,74.875,51.3125,4.8621626,197.96915
2016-04-14 19:00:00,49.375,0.0,4.7318735,192.20047
2016-04-14 20:00:00,50.0,0.0,5.2574353,198.00417
2016-04-14 21:00:00,43.625,0.0,4.645226,203.80594
2016-04-14 22:00:00,40.125,0.0,4.17208,188.61565
2016-04-14 23:00:00,18.25,0.0,2.8201284,192.80426
2016-04-15 00:00:00,34.125,0.0,2.8090255,110.854454
2016-04-15 01:00:00,22.25,0.0,2.404423,207.89728
2016-04-15 02:00:00,30.875,0.0,4.8234453,238.7816
2016-04-15 03:00:00,19.625,0.0,5.3297515,230.7106
2016-04-15 04:00:00,9.375,0.0,3.466356,244.359
2016-04-15 05:00:00,14.25,0.34375,3.6763604,234.68878
2016-04-15 06:00:00,9.375,14.421875,3.0259297,231.70984
2016-04-15 07:00:00,6.25,75.53125,1.1319232,263.65982
2016-04-15 08:00:00,23.375,129.10938,1.667708,192.99461
2016-04-15 09:00:00,8.125,115.46875,1.5051993,138.36646
2016-04-15 10:00:00,64.0,13.75,8.631338,169.99202
2016-04-15 11:00:00,65.0,306.92188,2.0615528,165.96376
2016-04-15 12:00:00,60.5,125.203125,2.0953817,162.64598
2016-04-15 13:00:00,13.125,192.45312,2.0501525,217.56859
2016-04-15 14:00:00,45.375,83.4375,4.035003,196.18921
2016-04-15 15:00:00,43.5,33.375,5.2737556,185.44034
2016-04-15 16:00:00,36.0,180.34375,4.366062,193.24052
2016-04-15 17:00:00,17.375,17.46875,2.2534695,273.17984
2016-04-15 18:00:00,10.75,6.484375,3.7583241,356.1859
2016-04-15 19:00:00,20.75,0.0,7.0754857,327.99463
2016-04-15 20:00:00,14.375,0.0,6.6766853,321.84277
2016-04-15 21:00:00,36.125,0.0,6.731456,301.3287
2016-04-15 22:00:00,20.375,0.0,6.425049,307.09283
2016-04-15 23:00:00,12.0,0.0,5.927953,294.9439
2016-04-16 00:00:00,38.875,0.0,8.01561,273.57635
2016-04-16 01:00:00,44.625,0.0,7.1817913,301.47684
2016-04-16 02:00:00,38.75,0.0,5.6471786,297.69946
2016-04-16 03:00:00,30.875,0.0,6.269968,293.49857
2016-04-16 04:00:00,14.25,0.0,5.884301,282.26477
2016-04-16 05:00:00,19.875,1.71875,4.4668922,287.92792
2016-04-16 06:00:00,30.125,26.046875,4.599592,317.2026
2016-04-16 07:00:00,59.25,121.078125,5.767636,330.1011
2016-04-16 08:00:00,80.5,49.0625,5.7118297,336.8014
2016-04-16 09:00:00,154.875,98.84375,7.5041656,330.01837
2016-04-16 10:00:00,111.0,300.53125,7.6044807,334.6986
2016-04-16 11:00:00,136.125,288.84375,7.1730833,337.45694
2016-04-16 12:00:00,123.375,217.45312,7.4330344,340.3462
2016-04-16 13:00:00,90.25,133.6875,7.0100374,338.00888
2016-04-16 14:00:00,106.25,196.125,7.3866434,336.03754
2016-04-16 15:00:00,89.625,292.01562,5.533986,341.56506
2016-04-16 16:00:00,94.375,320.39062,4.069705,349.38034
2016-04-16 17:00:00,45.5,45.109375,3.411836,331.55707
2016-04-16 18:00:00,112.5,48.515625,7.5259967,32.106247
2016-04-16 19:00:00,51.25,0.0,5.2514877,321.76617
2016-04-16 20:00:00,6.5,0.0,4.6670384,339.62357
2016-04-16 21:00:00,20.625,0.0,4.3892627,340.0169
2016-04-16 22:00:00,48.25,0.0,6.405564,354.40067
2016-04-16 23:00:00,10.625,0.0,4.932355,351.25385
2016-04-17 00:00:00,-11.75,0.0,4.3319306,316.16913
2016-04-17 01:00:00,-8.625,0.0,4.0253105,323.8418
2016-04-17 02:00:00,-13.25,0.0,4.2573466,319.76367
2016-04-17 03:00:00,-9.0,0.0,4.508672,316.1233
2016-04-17 04:00:00,-7.75,0.0,4.508672,316.1233
2016-04-17 05:00:00,-4.375,5.21875,4.515598,311.63354
2016-04-17 06:00:00,8.25,127.1875,3.5377429,302.00537
2016-04-17 07:00:00,19.75,297.0625,2.236068,296.56506
2016-04-17 08:00:00,62.25,466.17188,2.0155644,277.125
2016-04-17 09:00:00,116.25,614.7344,2.5495098,281.30994
2016-04-17 10:00:00,184.625,719.8906,3.0872722,291.3706
2016-04-17 11:00:00,225.0,744.8594,3.2427804,297.55283
2016-04-17 12:00:00,254.125,787.15625,3.3024611,299.4759
2016-04-17 13:00:00,269.125,762.40625,4.160829,327.26477
2016-04-17 14:00:00,152.25,412.46875,1.152443,319.3987
2016-04-17 15:00:00,184.125,390.79688,2.8090255,302.27563
2016-04-17 16:00:00,148.125,170.73438,3.7955565,287.24146
2016-04-17 17:00:00,130.625,194.39062,4.1551924,316.21887
2016-04-17 18:00:00,96.5,38.109375,5.7581463,297.1213
2016-04-17 19:00:00,34.5,0.0,4.531142,294.44397
2016-04-17 20:00:00,9.0,0.0,3.599045,290.32312
2016-04-17 21:00:00,-1.5,0.0,2.6721947,259.2157
2016-04-17 22:00:00,7.625,0.0,4.373214,239.03624
2016-04-17 23:00:00,-2.125,0.0,3.8770156,268.1524
2016-05-13 00:00:00,63.75,0.0,8.946018,15.395554
2016-05-13 01:00:00,50.5,0.0,9.410765,16.99083
2016-05-13 02:00:00,40.25,0.0,10.156587,13.523148
2016-05-13 03:00:00,33.5,0.0,9.976535,15.255112
2016-05-13 04:00:00,33.75,0.0,9.735566,15.642242
2016-05-13 05:00:00,39.0,66.546875,9.567197,17.487991
2016-05-13 06:00:00,43.125,208.4375,9.586775,22.21759
2016-05-13 07:00:00,88.625,393.73438,9.981233,22.067902
2016-05-13 08:00:00,133.375,554.125,9.634735,22.905777
2016-05-13 09:00:00,196.0,695.6406,9.673578,25.24054
2016-05-13 10:00:00,246.75,797.7656,8.790976,29.845932
2016-05-13 11:00:00,294.5,852.625,8.51194,29.953613
2016-05-13 12:00:00,328.125,861.3906,8.46777,31.10881
2016-05-13 13:00:00,342.75,820.1406,8.356322,34.640945
2016-05-13 14:00:00,367.875,710.4531,9.008677,29.054611
2016-05-13 15:00:00,362.0,592.3125,9.615254,26.231934
2016-05-13 16:00:00,372.75,451.20312,10.435816,18.868988
2016-05-13 17:00:00,336.625,273.84375,10.405077,16.039948
2016-05-13 18:00:00,283.375,85.078125,10.525268,15.851913
2016-05-13 19:00:00,216.875,14.109375,9.724325,17.969147
2016-05-13 20:00:00,161.375,0.0,8.814938,18.178024
2016-05-13 21:00:00,141.5,0.0,8.778525,19.983109
2016-05-13 22:00:00,122.125,0.0,9.076928,22.680557
2016-05-13 23:00:00,93.25,0.0,7.7992387,21.63089
2016-05-14 00:00:00,55.375,0.0,6.525192,16.69925
2016-05-14 01:00:00,69.875,0.0,6.879544,2.0825653
2016-05-14 02:00:00,53.5,0.0,7.1260962,15.255112
2016-05-14 03:00:00,57.375,0.0,7.379236,10.738892
2016-05-14 04:00:00,39.375,0.046875,6.6438413,4.316025
2016-05-14 05:00:00,34.625,78.96875,6.25125,1.145752
2016-05-14 06:00:00,62.75,221.76562,6.7788734,5.290085
2016-05-14 07:00:00,86.0,183.90625,6.670832,12.994614
2016-05-14 08:00:00,141.875,426.42188,6.6438413,11.944183
2016-05-14 09:00:00,213.0,653.03125,5.816195,8.652542
2016-05-14 10:00:00,282.5,747.5156,5.5014205,1.3019562
2016-05-14 11:00:00,333.625,776.6719,5.5056787,2.6025543
2016-05-14 12:00:00,359.75,792.0156,5.5056787,357.39746
2016-05-14 13:00:00,363.0,652.6094,6.0466933,352.875
2016-05-14 14:00:00,357.875,593.28125,6.864765,349.50854
2016-05-14 15:00:00,312.0,419.42188,6.42748,346.50427
2016-05-14 16:00:00,266.5,254.3125,7.0942316,345.7189
2016-05-14 17:00:00,180.125,202.40625,6.128825,348.23172
2016-05-14 18:00:00,144.5,138.95312,5.981743,10.840317
2016-05-14 19:00:00,103.25,22.8125,5.125,12.680374
2016-05-14 20:00:00,70.75,0.0,5.2231455,21.037506
2016-05-14 21:00:00,64.625,0.0,3.9863048,41.18593
2016-05-14 22:00:00,58.875,0.0,4.6519485,59.30027
2016-05-14 23:00:00,45.75,0.0,4.2518377,65.69545
2016-05-15 00:00:00,10.0,0.0,2.625,90.0
2016-05-15 01:00:00,5.875,0.0,2.576941,165.96376
2016-05-15 02:00:00,5.75,0.0,2.2980971,157.61987
2016-05-15 03:00:00,6.125,0.0,1.9764235,161.56505
2016-05-15 04:00:00,3.0,0.1875,1.7410486,201.0375
2016-05-15 05:00:00,3.0,85.125,1.8456029,208.30075
2016-05-15 06:00:00,4.0,217.78125,1.2869538,150.9454
2016-05-15 07:00:00,34.875,345.0625,1.7365555,210.25644
2016-05-15 08:00:00,85.0,448.5,2.125,241.92752
2016-05-15 09:00:00,134.375,578.8906,1.9405218,284.93143
2016-05-15 10:00:00,119.125,363.875,2.183031,336.3706
2016-05-15 11:00:00,235.75,699.15625,3.1868873,318.17984
2016-05-15 12:00:00,296.375,854.2344,3.8017266,316.3322
2016-05-15 13:00:00,327.5,819.7656,4.246322,312.61407
2016-05-15 14:00:00,303.75,549.78125,5.0621142,290.22485
2016-05-15 15:00:00,254.375,476.79688,5.2514877,308.23383
2016-05-15 16:00:00,217.125,230.65625,5.927953,317.56378
2016-05-15 17:00:00,125.25,91.78125,4.685416,313.91907
2016-05-15 18:00:00,74.125,64.75,4.333734,326.7683
2016-05-15 19:00:00,67.5,7.328125,2.877716,2.489563
2016-05-15 20:00:00,47.375,0.0,4.266512,95.04245
2016-05-15 21:00:00,47.5,0.0,4.433537,111.501434
2016-05-15 22:00:00,51.125,0.0,5.153882,112.83366
2016-05-15 23:00:00,59.75,0.0,5.6596155,96.34019
2016-05-16 00:00:00,35.0,0.0,4.4388204,99.72758
2016-05-16 01:00:00,23.125,0.0,4.0019526,104.47029
2016-05-16 02:00:00,18.5,0.0,2.3881216,96.009
2016-05-16 03:00:00,7.75,0.0,2.9421506,102.26478
2016-05-16 04:00:00,8.25,0.421875,3.1868873,78.69006
2016-05-16 05:00:00,13.125,80.390625,3.043949,70.82099
2016-05-16 06:00:00,31.5,219.53125,2.877716,87.510445
2016-05-16 07:00:00,67.5,388.96875,2.4558604,104.74356
2016-05-16 08:00:00,102.625,518.0156,1.5662456,118.61046
2016-05-16 09:00:00,130.75,563.6875,0.76034534,99.46232
2016-05-16 10:00:00,147.25,561.5,0.3952847,288.43494
2016-05-16 11:00:00,188.75,650.0625,1.3050383,286.69925
2016-05-16 12:00:00,203.375,625.59375,1.667708,257.00537
2016-05-16 13:00:00,221.375,759.4219,2.6279745,272.72632
2016-05-16 14:00:00,264.125,544.9375,4.5294175,309.40067
2016-05-16 15:00:00,257.75,494.60938,5.3764534,305.53766
2016-05-16 16:00:00,221.125,357.15625,5.7241263,301.6075
2016-05-16 17:00:00,165.0,188.07812,6.0207973,311.63354
2016-05-16 18:00:00,119.75,130.90625,5.2156615,314.029
2016-05-16 19:00:00,57.875,27.609375,4.5294175,332.02054
2016-05-16 20:00:00,23.5,0.0,2.6368778,328.57043
2016-05-16 21:00:00,17.5,0.0,2.186607,300.96375
2016-05-16 22:00:00,10.0,0.0,1.7410486,291.0375
2016-05-16 23:00:00,6.5,0.0,3.271563,263.41806
2016-05-17 00:00:00,8.875,0.0,2.8504386,52.125023
2016-05-17 01:00:00,7.375,0.0,3.2427804,27.55281
2016-05-17 02:00:00,13.0,0.0,4.0019526,14.470291
2016-05-17 03:00:00,12.125,0.0,4.14201,354.80557
2016-05-17 04:00:00,11.25,0.75,3.0872722,338.6294
2016-05-17 05:00:00,7.375,88.21875,2.9181545,316.73572
2016-05-17 06:00:00,28.25,233.125,2.6279745,295.3462
2016-05-17 07:00:00,59.75,409.04688,2.8993533,277.4314
2016-05-17 08:00:00,126.125,568.875,3.252403,272.2026
2016-05-17 09:00:00,183.75,690.7344,3.125,270.0
2016-05-17 10:00:00,241.375,721.6406,3.5575624,251.56505
2016-05-17 11:00:00,230.625,706.7031,3.8608613,240.9454
2016-05-17 12:00:00,282.625,487.59375,5.5859756,229.53778
2016-05-17 13:00:00,274.375,567.9219,5.550901,234.16235
2016-05-17 14:00:00,282.0,525.5,6.731456,238.67131
2016-05-17 15:00:00,247.625,374.5625,7.0100374,230.06361
2016-05-17 16:00:00,219.25,330.5,8.356322,235.35905
2016-05-17 17:00:00,167.75,96.84375,8.853848,239.45242
2016-05-17 18:00:00,150.25,122.6875,8.776745,234.2726
2016-05-17 19:00:00,104.5,25.0625,8.397358,225.60309
2016-05-17 20:00:00,83.875,0.0,7.601398,225.0
2016-05-17 21:00:00,72.625,0.0,7.3410234,227.07004
2016-05-17 22:00:00,60.875,0.0,6.811066,222.76883
2016-05-17 23:00:00,57.875,0.0,6.852235,218.33334
2016-05-18 00:00:00,31.5,0.0,8.179624,218.79655
2016-05-18 01:00:00,27.0,0.0,7.2478447,212.31961
2016-05-18 02:00:00,26.875,0.0,7.2478447,212.31961
2016-05-18 03:00:00,16.125,0.0,6.9933004,208.85567
2016-05-18 04:00:00,14.25,0.390625,6.7788734,202.78241
2016-05-18 05:00:00,18.5,9.65625,7.5208044,195.42216
2016-05-18 06:00:00,21.375,19.578125,7.905694,198.43495
2016-05-18 07:00:00,33.875,23.484375,7.8938265,190.95406
2016-05-18 08:00:00,36.125,28.71875,6.893158,184.15964
2016-05-18 09:00:00,5.875,51.578125,5.778462,218.85338
2016-05-18 10:00:00,12.5,109.9375,5.2870717,186.78897
2016-05-18 11:00:00,20.875,53.484375,5.7513585,181.24536
2016-05-18 12:00:00,23.375,63.09375,5.512769,176.0995
2016-05-18 13:00:00,31.75,158.15625,4.881406,166.67548
2016-05-18 14:00:00,17.125,169.46875,4.6401777,152.74467
2016-05-18 15:00:00,12.5,148.96875,7.7711406,191.1292
2016-05-18 16:00:00,48.25,302.125,7.359093,200.89777
2016-05-18 17:00:00,55.625,180.29688,6.317139,207.07208
2016-05-18 18:00:00,62.25,100.890625,6.55863,277.6668
2016-05-18 19:00:00,44.125,17.375,4.5431952,277.90717
2016-05-18 20:00:00,34.5,0.0,4.889402,302.4712
2016-05-18 21:00:00,0.375,0.0,3.002603,2.3859406
2016-05-18 22:00:00,3.125,0.0,4.310235,16.858398
2016-05-18 23:00:00,0.875,0.0,2.3782873,356.9872
2016-05-22 00:00:00,32.625,0.0,5.969977,250.42688
2016-05-22 01:00:00,31.375,0.0,6.005206,272.38596
2016-05-22 02:00:00,27.125,0.0,5.3764534,268.6678
2016-05-22 03:00:00,20.5,0.0,3.907125,262.6476
2016-05-22 04:00:00,20.25,1.09375,3.913119,296.56506
2016-05-22 05:00:00,32.375,22.40625,4.902168,289.359
2016-05-22 06:00:00,37.625,89.734375,4.081207,297.34988
2016-05-22 07:00:00,64.0,393.1875,3.3000946,307.30396
2016-05-22 08:00:00,114.625,539.59375,2.427061,281.88867
2016-05-22 09:00:00,161.375,584.65625,2.6100767,253.30075
2016-05-22 10:00:00,214.25,559.65625,4.111721,250.46335
2016-05-22 11:00:00,238.0,437.51562,4.1382365,244.98311
2016-05-22 12:00:00,234.25,691.8281,4.9005737,264.14398
2016-05-22 13:00:00,112.875,160.0,2.183031,283.24054
2016-05-22 14:00:00,93.125,178.5,4.266512,301.82745
2016-05-22 15:00:00,115.375,179.0625,6.615559,292.2035
2016-05-22 16:00:00,120.875,152.34375,6.0026035,301.37302
2016-05-22 17:00:00,81.5,140.75,5.569167,314.09064
2016-05-22 18:00:00,60.0,81.015625,5.147815,299.05463
2016-05-22 19:00:00,87.875,16.109375,8.231988,318.07745
2016-05-22 20:00:00,67.75,0.0,8.125,292.61987
2016-05-22 21:00:00,49.0,0.0,8.253787,305.1342
2016-05-22 22:00:00,43.0,0.0,8.202515,277.88315
2016-05-22 23:00:00,36.0,0.0,7.281183,304.50854
2016-05-23 00:00:00,8.0,0.0,2.625,360.0
2016-05-23 01:00:00,22.375,0.0,4.7516446,333.43494
2016-05-23 02:00:00,36.75,0.0,7.242453,338.7495
2016-05-23 03:00:00,29.875,0.0,7.0544753,330.25513
2016-05-23 04:00:00,26.875,1.484375,7.828234,321.4831
2016-05-23 05:00:00,24.125,47.390625,7.7781744,315.0
2016-05-23 06:00:00,46.625,61.46875,8.310385,316.21887
2016-05-23 07:00:00,48.75,130.71875,8.112491,326.30994
2016-05-23 08:00:00,65.375,197.42188,7.0044627,325.1755
2016-05-23 09:00:00,93.875,340.45312,6.155536,336.03754
2016-05-23 10:00:00,113.375,334.28125,5.45722,339.9048
2016-05-23 11:00:00,99.875,419.96875,4.638494,345.96375
2016-05-23 12:00:00,147.25,420.32812,4.266512,354.95755
2016-05-23 13:00:00,197.125,263.15625,4.645226,336.19403
2016-05-23 14:00:00,160.375,346.34375,7.5581083,325.7843
2016-05-23 15:00:00,132.125,399.20312,5.1020827,59.03624
2016-05-23 16:00:00,133.375,264.78125,5.1493325,354.4278
2016-05-23 17:00:00,90.25,249.32812,3.893103,5.527542
2016-05-23 18:00:00,78.875,122.0,5.045109,41.987213
2016-05-23 19:00:00,98.625,38.546875,7.641376,15.172913
2016-05-23 20:00:00,52.75,0.0,6.217415,30.173508
2016-05-23 21:00:00,43.0,0.0,5.9384866,30.343246
2016-05-23 22:00:00,43.875,0.0,5.6471786,27.699463
2016-05-23 23:00:00,52.5,0.0,5.3677278,27.758545
2016-05-24 00:00:00,32.25,0.0,4.7169905,57.994614
2016-05-24 01:00:00,42.625,0.0,5.038911,43.994904
2016-05-24 02:00:00,44.75,0.0,5.4500575,36.60707
2016-05-24 03:00:00,46.375,0.0,5.8763294,38.088776
2016-05-24 04:00:00,40.75,4.40625,5.836309,43.264297
2016-05-24 05:00:00,35.875,96.46875,5.491471,48.69139
2016-05-24 06:00:00,70.125,229.59375,5.4829283,43.15239
2016-05-24 07:00:00,102.625,426.53125,4.776243,42.87889
2016-05-24 08:00:00,145.75,588.8281,4.3535185,50.82634
2016-05-24 09:00:00,201.75,710.2656,4.515598,48.366455
2016-05-24 10:00:00,257.875,769.4375,4.8621626,43.958374
2016-05-24 11:00:00,291.5,688.7344,5.2156615,44.028976
2016-05-24 12:00:00,269.25,463.375,5.315073,41.18593
2016-05-24 13:00:00,328.625,613.6406,7.1074343,34.24904
2016-05-24 14:00:00,371.625,748.3594,7.9775076,35.433304
2016-05-24 15:00:00,373.5,632.2344,9.125,41.11209
2016-05-24 16:00:00,326.0,491.98438,9.176226,24.120987
2016-05-24 17:00:00,272.375,282.0,8.944272,26.565048
2016-05-24 18:00:00,209.5,148.04688,9.056248,26.21138
2016-05-24 19:00:00,161.625,39.59375,8.750893,21.801407
2016-05-24 20:00:00,120.75,0.0,8.567745,23.198593
2016-05-24 21:00:00,99.625,0.0,8.721382,27.299576
2016-05-24 22:00:00,82.75,0.0,8.062258,29.744873
2016-05-24 23:00:00,54.0,0.0,7.6750407,30.323608
2016-05-25 00:00:00,29.25,0.0,6.291115,40.971725
2016-05-25 01:00:00,28.0,0.0,5.0,36.869904
2016-05-25 02:00:00,29.875,0.0,4.6987367,28.610458
2016-05-25 03:00:00,26.875,0.0,5.2574353,18.00415
2016-05-25 04:00:00,32.25,3.203125,5.826931,22.714417
2016-05-25 05:00:00,33.375,39.875,5.8215656,14.931412
2016-05-25 06:00:00,48.625,136.9375,5.2633758,4.085617
2016-05-25 07:00:00,54.25,82.609375,4.8621626,17.969147
2016-05-25 08:00:00,66.0,85.484375,4.808846,8.972626
2016-05-25 09:00:00,70.625,95.625,4.58428,11.00354
2016-05-25 10:00:00,65.875,157.79688,3.8017266,9.462326
2016-05-25 11:00:00,75.625,177.23438,3.893103,5.527542
2016-05-25 12:00:00,83.375,224.79688,3.508917,355.91437
2016-05-25 13:00:00,85.125,179.3125,3.7687035,354.28943
2016-05-25 14:00:00,84.5,170.78125,3.3957694,353.65982
2016-05-25 15:00:00,70.875,118.703125,3.365728,344.93152
2016-05-25 16:00:00,60.875,85.78125,3.4003677,342.89728
2016-05-25 17:00:00,49.375,58.8125,3.25,337.38013
2016-05-25 18:00:00,37.75,32.59375,2.877716,325.61966
2016-05-25 19:00:00,31.625,12.609375,3.1049356,319.8991
2016-05-25 20:00:00,23.0,0.0,2.6575365,318.8141
2016-05-25 21:00:00,16.25,0.0,2.3251345,306.25385
2016-05-25 22:00:00,11.375,0.0,2.5739076,299.05463
2016-05-25 23:00:00,11.0,0.0,2.576941,309.09387
2016-05-26 00:00:00,5.75,0.0,2.1578345,349.992
2016-05-26 01:00:00,5.625,0.0,2.0953817,17.354034
2016-05-26 02:00:00,6.5,0.0,1.9764235,18.434952
2016-05-26 03:00:00,7.875,0.0,1.7410486,21.037506
2016-05-26 04:00:00,5.375,4.6875,1.7001839,36.027374
2016-05-26 05:00:00,5.875,66.515625,1.3975425,63.43495
2016-05-26 06:00:00,30.125,235.60938,1.7001839,143.97263
2016-05-26 07:00:00,72.75,394.5,1.8582586,160.34618
2016-05-26 08:00:00,116.5,585.59375,1.2562344,174.28941
2016-05-26 09:00:00,162.0,695.7344,1.0680004,200.55605
2016-05-26 10:00:00,216.0,810.96875,0.95197165,203.1986
2016-05-26 11:00:00,265.125,878.5,1.0307764,194.03624
2016-05-26 12:00:00,253.5,882.53125,0.4506939,236.30994
2016-05-26 13:00:00,285.875,838.90625,0.72886896,329.03625
2016-05-26 14:00:00,271.5,659.0156,0.91001374,15.945404
2016-05-26 15:00:00,261.0,557.3281,1.3975425,79.69515
2016-05-26 16:00:00,185.875,161.03125,2.183031,66.37062
2016-05-26 17:00:00,167.875,76.71875,4.382137,93.27049
2016-05-26 18:00:00,115.75,54.328125,4.515598,94.76364
2016-05-26 19:00:00,88.5,24.890625,4.396376,104.82648
2016-05-26 20:00:00,77.75,0.0,5.6263885,91.273026
2016-05-26 21:00:00,49.625,0.0,5.0559373,81.46923
2016-05-26 22:00:00,71.25,0.0,6.1262755,88.83086
2016-05-26 23:00:00,54.75,0.0,6.2948394,83.15723
2016-05-27 00:00:00,44.25,0.0,7.005578,74.47588
2016-05-27 01:00:00,26.25,0.0,6.4735036,79.99202
2016-05-27 02:00:00,13.125,0.0,5.618051,69.145546
2016-05-27 03:00:00,15.625,0.0,5.5368085,61.699234
2016-05-27 04:00:00,1.875,3.203125,5.4886246,59.93142
2016-05-27 05:00:00,21.25,66.75,4.9906163,67.9321
2016-05-27 06:00:00,20.125,207.4375,5.5817785,55.954063
2016-05-27 07:00:00,54.625,319.09375,6.001302,54.323586
2016-05-27 08:00:00,105.25,468.04688,6.241244,57.26478
2016-05-27 09:00:00,174.375,627.9531,6.3799,55.375847
2016-05-27 10:00:00,215.375,708.65625,6.109675,59.23728
2016-05-27 11:00:00,245.0,692.4375,5.597153,60.57254
2016-05-27 12:00:00,294.5,820.7031,5.255949,64.653824
2016-05-27 13:00:00,317.875,796.7656,5.3180118,66.44774
2016-05-27 14:00:00,269.25,566.1875,4.924429,66.037506
2016-05-27 15:00:00,246.875,606.1719,4.976507,115.27772
2016-05-27 16:00:00,353.125,466.40625,7.8302298,106.69924
2016-05-27 17:00:00,219.25,310.15625,7.550869,96.65443
2016-05-27 18:00:00,187.375,166.53125,7.641376,93.75173
2016-05-27 19:00:00,110.0,46.46875,6.543126,83.41806
2016-05-27 20:00:00,78.375,0.0,7.1425223,85.985825
2016-05-27 21:00:00,57.25,0.0,6.4347687,65.9245
2016-05-27 22:00:00,59.75,0.0,6.425049,52.907158
2016-05-27 23:00:00,58.625,0.0,6.8064766,44.25595
2016-05-28 00:00:00,34.625,0.0,5.1750603,52.85331
2016-05-28 01:00:00,16.25,0.0,4.200074,53.471138
2016-05-28 02:00:00,23.625,0.0,5.3764534,54.462326
2016-05-28 03:00:00,21.0,0.0,5.2737556,58.570435
2016-05-28 04:00:00,41.25,5.96875,5.408327,56.30993
2016-05-28 05:00:00,51.625,48.65625,5.1005516,53.972626
2016-05-28 06:00:00,57.75,131.17188,4.7860475,49.23639
2016-05-28 07:00:00,79.75,331.96875,4.4756284,54.09027
2016-05-28 08:00:00,130.125,537.34375,4.5449147,58.495728
2016-05-28 09:00:00,177.625,706.5781,4.201934,67.24902
2016-05-28 10:00:00,227.875,805.65625,4.2720017,69.443954
2016-05-28 11:00:00,274.75,866.53125,4.1907635,72.64597
2016-05-28 12:00:00,309.5,805.625,4.1231055,75.96375
2016-05-28 13:00:00,296.375,643.625,4.863769,64.09349
2016-05-28 14:00:00,241.375,562.6719,5.3400025,57.42594
2016-05-28 15:00:00,235.875,534.9375,4.9623585,49.085617
2016-05-28 16:00:00,227.125,296.25,5.6596155,96.34019
2016-05-28 17:00:00,215.0,193.9375,6.619101,100.88553
2016-05-28 18:00:00,173.0,176.29688,6.670832,102.99461
2016-05-28 19:00:00,111.5,43.890625,5.8763294,88.78112
2016-05-28 20:00:00,61.0,0.0,5.1005516,72.89727
2016-05-28 21:00:00,62.375,0.0,6.467467,48.918243
2016-05-28 22:00:00,61.875,0.0,7.1501746,36.469223
2016-05-28 23:00:00,51.0,0.0,6.8385396,30.78415
2016-05-29 00:00:00,39.875,0.0,6.738416,40.486008
2016-05-29 01:00:00,24.625,0.0,6.3651886,19.502457
2016-05-29 02:00:00,28.5,0.0,5.6527095,18.034286
2016-05-29 03:00:00,47.375,0.0,6.3847966,23.0513
2016-05-29 04:00:00,36.875,7.3125,6.6638017,23.198593
2016-05-29 05:00:00,46.25,58.21875,6.041523,24.443954
2016-05-29 06:00:00,46.5,172.35938,6.3737745,11.309921
2016-05-29 07:00:00,60.125,166.3125,6.9731627,14.534454
2016-05-29 08:00:00,39.75,248.15625,7.8232427,12.92601
2016-05-29 09:00:00,155.375,698.78125,8.163371,11.481995
2016-05-29 10:00:00,234.0,767.34375,8.125,14.2500305
2016-05-29 11:00:00,273.375,511.51562,8.163371,11.481995
2016-05-29 12:00:00,293.125,854.875,7.710585,16.96614
2016-05-29 13:00:00,272.0,451.84375,8.077747,21.801407
2016-05-29 14:00:00,241.0,454.34375,8.224392,24.227737
2016-05-29 15:00:00,210.625,316.57812,8.5192795,22.425858
2016-05-29 16:00:00,179.5,300.17188,8.05935,23.782028
2016-05-29 17:00:00,136.875,188.32812,8.149003,20.658905
2016-05-29 18:00:00,110.5,149.26562,8.064196,18.996643
2016-05-29 19:00:00,96.5,47.59375,8.459462,18.970413
2016-05-29 20:00:00,71.125,0.0,8.117304,9.752426
2016-05-29 21:00:00,74.25,0.0,8.93903,20.462265
2016-05-29 22:00:00,58.875,0.0,8.814938,18.178024
2016-05-29 23:00:00,50.125,0.0,9.171968,17.44719
2016-06-24 00:00:00,29.625,0.0,5.7906175,256.26373
2016-06-24 01:00:00,25.5,0.0,5.0559373,261.46924
2016-06-24 02:00:00,8.375,0.0,5.275237,256.29303
2016-06-24 03:00:00,10.125,0.0,4.550069,254.0546
2016-06-24 04:00:00,14.875,11.8125,4.7647796,265.48602
2016-06-24 05:00:00,17.5,107.25,3.644345,264.09387
2016-06-24 06:00:00,44.625,262.9375,4.4300113,253.61046
2016-06-24 07:00:00,82.75,372.01562,4.3892627,250.01689
2016-06-24 08:00:00,134.375,549.7969,4.759858,246.8014
2016-06-24 09:00:00,183.125,560.7344,5.4786515,242.85033
2016-06-24 10:00:00,202.625,632.3594,4.6970735,244.79889
2016-06-24 11:00:00,158.375,389.59375,5.2231455,248.9625
2016-06-24 12:00:00,223.125,536.1719,5.681659,230.35583
2016-06-24 13:00:00,213.875,581.59375,6.189709,226.63658
2016-06-24 14:00:00,259.75,648.5469,7.828234,218.51692
2016-06-24 15:00:00,262.0,598.9219,7.071068,225.0
2016-06-24 16:00:00,260.125,372.26562,8.500919,216.02737
2016-06-24 17:00:00,246.75,330.375,9.370832,223.91907
2016-06-24 18:00:00,162.5,141.89062,8.754463,223.2643
2016-06-24 19:00:00,84.25,52.21875,7.3250427,233.32565
2016-06-24 20:00:00,47.75,1.875,4.3767853,268.3634
2016-06-24 21:00:00,30.5,0.0,3.7790542,214.2157
2016-06-24 22:00:00,43.25,0.0,6.0207973,228.36646
2016-06-24 23:00:00,33.25,0.0,5.4270735,231.5463
2016-06-25 00:00:00,26.5,0.0,6.496393,258.90628
2016-06-25 01:00:00,23.875,0.0,5.3880653,266.0091
2016-06-25 02:00:00,18.75,0.0,4.4388204,260.27243
2016-06-25 03:00:00,15.125,0.0,4.9812145,252.47443
2016-06-25 04:00:00,14.0,12.1875,5.185617,254.62375
2016-06-25 05:00:00,28.25,101.890625,4.9812145,252.47443
2016-06-25 06:00:00,47.125,245.35938,4.3481317,251.56505
2016-06-25 07:00:00,88.875,234.03125,4.3391385,258.36636
2016-06-25 08:00:00,101.0,389.03125,3.0413814,260.5377
2016-06-25 09:00:00,92.125,390.82812,2.5310571,249.77515
2016-06-25 10:00:00,226.5,656.2656,5.088283,297.8241
2016-06-25 11:00:00,273.75,832.7969,4.069705,280.61966
2016-06-25 12:00:00,297.625,775.0,4.094585,282.33908
2016-06-25 13:00:00,254.75,727.6406,4.2793107,263.29016
2016-06-25 14:00:00,322.75,472.95312,6.1846585,255.96376
2016-06-25 15:00:00,167.5,221.92188,6.336896,284.8586
2016-06-25 16:00:00,139.0,435.8125,4.480862,300.1414
2016-06-25 17:00:00,152.0,156.125,5.3677278,297.75854
2016-06-25 18:00:00,78.125,55.328125,3.8507304,283.13403
2016-06-25 19:00:00,77.875,66.4375,4.6401777,297.25534
2016-06-25 20:00:00,30.25,0.15625,2.7041636,326.30994
2016-06-25 21:00:00,17.25,0.0,5.491471,311.3086
2016-06-25 22:00:00,10.75,0.0,5.275237,306.3268
2016-06-25 23:00:00,2.625,0.0,5.422753,295.9744
2016-06-26 00:00:00,-5.25,0.0,4.517328,284.42078
2016-06-26 01:00:00,-3.875,0.0,5.685783,303.3407
2016-06-26 02:00:00,1.625,0.0,6.3257904,299.60446
2016-06-26 03:00:00,-3.5,0.0,6.155536,299.1676
2016-06-26 04:00:00,0.25,10.953125,5.369183,294.77515
2016-06-26 05:00:00,9.5,60.171875,6.336896,292.0113
2016-06-26 06:00:00,32.0,79.453125,7.0445013,297.47443
2016-06-26 07:00:00,54.375,170.84375,7.272594,294.36246
2016-06-26 08:00:00,95.875,355.5625,7.4330344,289.6538
2016-06-26 09:00:00,138.625,441.10938,6.9877124,296.56506
2016-06-26 10:00:00,156.0,533.8594,6.3208485,294.53772
2016-06-26 11:00:00,148.375,301.875,6.452955,291.5953
2016-06-26 12:00:00,128.75,438.3125,7.0544753,277.125
2016-06-26 13:00:00,126.125,340.07812,5.512769,273.90048
2016-06-26 14:00:00,161.25,530.71875,6.1301,272.3373
2016-06-26 15:00:00,158.375,310.1875,5.922679,262.725
2016-06-26 16:00:00,152.125,382.375,7.8997626,265.46222
2016-06-26 17:00:00,149.875,211.84375,8.345096,253.46516
2016-06-26 18:00:00,118.875,68.609375,8.13941,259.38034
2016-06-26 19:00:00,79.625,11.53125,7.945124,257.27563
2016-06-26 20:00:00,70.0,0.375,7.323976,242.56027
2016-06-26 21:00:00,48.25,0.0,7.7146373,220.3999
2016-06-26 22:00:00,29.375,0.0,7.7146373,220.3999
2016-06-26 23:00:00,6.75,0.0,7.443537,220.91438
2016-06-27 00:00:00,4.75,0.0,7.2035146,218.6598
2016-06-27 01:00:00,-2.25,0.0,7.0100374,230.06361
2016-06-27 02:00:00,-4.0,0.0,6.6567636,235.71312
2016-06-27 03:00:00,-16.125,0.0,6.346751,237.875
2016-06-27 04:00:00,-16.25,1.65625,7.1600018,253.77982
2016-06-27 05:00:00,-13.0,30.359375,6.7915387,263.65982
2016-06-27 06:00:00,0.25,73.828125,5.771698,265.03027
2016-06-27 07:00:00,8.5,140.98438,4.9529033,280.1755
2016-06-27 08:00:00,39.375,211.42188,3.1819806,315.0
2016-06-27 09:00:00,34.375,252.96875,6.2060957,297.5973
2016-06-27 10:00:00,141.875,339.32812,6.8965573,313.5312
2016-06-27 11:00:00,199.375,279.53125,6.1871843,315.0
2016-06-27 12:00:00,222.75,498.32812,5.4886246,300.06857
2016-06-27 13:00:00,146.375,506.125,4.480862,292.9887
2016-06-27 14:00:00,184.25,587.34375,6.1707478,276.98105
2016-06-27 15:00:00,166.0,457.53125,6.2774396,282.65256
2016-06-27 16:00:00,176.875,414.73438,6.041523,294.44397
2016-06-27 17:00:00,126.75,160.79688,6.1745443,301.75946
2016-06-27 18:00:00,102.625,100.140625,6.3799,304.62415
2016-06-27 19:00:00,70.75,67.390625,5.5056787,309.47247
2016-06-27 20:00:00,41.0,1.46875,3.7687035,354.28943
2016-06-27 21:00:00,22.25,0.0,3.1622777,341.56506
2016-06-27 22:00:00,16.25,0.0,3.335416,347.00537
2016-06-27 23:00:00,21.375,0.0,3.5794554,12.094757
2016-06-28 00:00:00,0.625,0.0,4.3535185,320.82635
2016-06-28 01:00:00,-4.125,0.0,4.2756577,322.12503
2016-06-28 02:00:00,-7.25,0.0,3.6912057,331.69922
2016-06-28 03:00:00,-5.25,0.0,2.294695,330.64224
2016-06-28 04:00:00,4.125,10.609375,1.1319232,353.65982
2016-06-28 05:00:00,6.25,99.34375,0.9013878,56.30993
2016-06-28 06:00:00,18.375,251.25,1.75,90.0
2016-06-28 07:00:00,67.375,428.04688,2.0615528,104.03624
2016-06-28 08:00:00,130.75,582.4219,2.5647855,133.02507
2016-06-28 09:00:00,175.0,572.2656,3.2451887,164.35776
2016-06-28 10:00:00,189.25,626.7969,3.2811012,197.74467
2016-06-28 11:00:00,207.25,609.3906,4.976507,205.27773
2016-06-28 12:00:00,289.375,628.15625,6.3208485,204.53772
2016-06-28 13:00:00,223.625,208.64062,6.578849,194.30028
2016-06-28 14:00:00,199.75,184.8125,6.930458,219.14398
2016-06-28 15:00:00,163.75,56.71875,8.325413,221.34778
2016-06-28 16:00:00,123.625,71.25,9.370832,226.08093
2016-06-28 17:00:00,70.875,22.625,4.685416,223.91907
2016-06-28 18:00:00,49.375,26.421875,5.1005516,197.10272
2016-06-28 19:00:00,40.125,5.578125,6.1453743,184.66685
2016-06-28 20:00:00,37.375,0.21875,7.5519037,192.42595
2016-06-28 21:00:00,20.625,0.0,7.6290975,198.13808
2016-06-28 22:00:00,2.125,0.0,7.796233,228.9005
2016-06-28 23:00:00,18.125,0.0,8.253787,268.26428
2016-06-29 00:00:00,53.75,0.0,11.09617,255.65067
2016-06-29 01:00:00,22.0,0.0,9.632302,267.76883
2016-06-29 02:00:00,18.375,0.0,10.1257715,269.2927
2016-06-29 03:00:00,6.0,0.0,8.036052,254.66672
2016-06-29 04:00:00,-2.125,11.1875,6.821382,256.21838
2016-06-29 05:00:00,-1.75,101.890625,6.731456,248.1986
2016-06-29 06:00:00,20.125,171.76562,6.5538635,235.0975
2016-06-29 07:00:00,50.125,361.17188,7.8789673,228.21548
2016-06-29 08:00:00,111.75,448.10938,8.663861,223.83086
2016-06-29 09:00:00,138.875,475.15625,8.845903,222.7094
2016-06-29 10:00:00,133.75,147.65625,10.915155,219.88959
2016-06-29 11:00:00,151.875,205.5625,12.031858,209.22806
2016-06-29 12:00:00,143.125,175.9375,11.6839905,206.01678
2016-06-29 13:00:00,140.875,92.109375,12.410303,206.30696
2016-06-29 14:00:00,58.375,107.734375,10.785552,212.21655
2016-06-29 15:00:00,46.75,94.890625,10.852707,212.77487
2016-06-29 16:00:00,37.0,50.375,9.985146,214.28688
2016-06-29 17:00:00,32.5,43.890625,9.534477,214.3151
2016-06-29 18:00:00,25.125,18.53125,9.5271,218.07278
2016-06-29 19:00:00,-6.375,12.390625,9.634735,224.47437
2016-06-29 20:00:00,-4.875,0.6875,8.0671015,220.60129
2016-06-29 21:00:00,-2.375,0.0,7.634216,219.68546
2016-06-29 22:00:00,-4.0,0.0,7.4267254,223.63608
2016-06-29 23:00:00,-1.5,0.0,7.073277,226.4321
2016-06-30 00:00:00,8.875,0.0,7.106335,230.7106
2016-06-30 01:00:00,9.125,0.0,6.5598207,239.03624
2016-06-30 02:00:00,4.875,0.0,5.552308,238.81503
2016-06-30 03:00:00,3.375,0.0,4.6987367,241.38954
2016-06-30 04:00:00,2.5,6.15625,4.6401777,242.74467
2016-06-30 05:00:00,7.0,62.5625,4.1268935,234.86581
2016-06-30 06:00:00,28.125,183.01562,4.304794,244.17902
2016-06-30 07:00:00,67.0,291.15625,4.930771,239.53445
2016-06-30 08:00:00,80.125,282.84375,4.599592,227.2026
2016-06-30 09:00:00,91.125,350.89062,4.9005737,217.74681
2016-06-30 10:00:00,96.125,144.09375,6.3737745,221.82018
2016-06-30 11:00:00,62.125,139.20312,6.309715,236.30994
2016-06-30 12:00:00,101.125,488.15625,6.775415,217.50415
2016-06-30 13:00:00,53.5,83.65625,6.2060957,214.33022
2016-06-30 14:00:00,67.25,543.7656,6.5012016,217.9716
2016-06-30 15:00:00,79.0,168.07812,6.5407376,206.07535
2016-06-30 16:00:00,25.75,73.84375,6.3059993,230.63068
2016-06-30 17:00:00,50.0,59.8125,8.7865305,230.19443
2016-06-30 18:00:00,72.75,163.03125,9.91369,221.93352
2016-06-30 19:00:00,62.75,21.34375,10.426079,217.69424
2016-06-30 20:00:00,51.25,1.125,10.211054,219.53616
2016-06-30 21:00:00,40.875,0.0,9.125,221.11209
2016-06-30 22:00:00,30.875,0.0,9.634735,225.52563
2016-06-30 23:00:00,33.75,0.0,10.090218,221.98721
2016-07-01 00:00:00,32.0,0.0,9.988275,225.50703
2016-07-01 01:00:00,16.5,0.0,10.350876,227.44705
2016-07-01 02:00:00,20.75,0.0,9.384162,228.2397
2016-07-01 03:00:00,17.375,0.0,9.301377,228.81407
2016-07-01 04:00:00,3.5,1.59375,8.452995,231.60483
2016-07-01 05:00:00,9.875,14.21875,8.776745,234.2726
2016-07-01 06:00:00,11.375,31.265625,7.701461,234.24611
2016-07-01 07:00:00,31.125,29.109375,7.0044627,267.9546
2016-07-01 08:00:00,29.5,109.46875,6.269968,246.50143
2016-07-01 09:00:00,22.75,47.1875,6.26124,243.9465
2016-07-01 10:00:00,19.625,97.421875,6.068618,237.61932
2016-07-01 11:00:00,60.25,280.76562,6.8305383,235.43747
2016-07-01 12:00:00,87.625,74.828125,9.606313,237.75754
2016-07-01 13:00:00,139.125,158.96875,9.3758335,227.16107
2016-07-01 14:00:00,96.625,665.6719,9.301377,228.81407
2016-07-01 15:00:00,253.5,505.29688,11.600108,217.11685
2016-07-01 16:00:00,163.625,59.421875,10.724534,220.74615
2016-07-01 17:00:00,129.625,27.0,9.39581,236.94418
2016-07-01 18:00:00,67.75,29.96875,9.962429,252.47443
2016-07-01 19:00:00,25.625,7.046875,9.86471,261.25385
2016-07-01 20:00:00,15.375,1.25,8.300979,251.56505
2016-07-01 21:00:00,11.875,0.0,9.171968,252.55281
2016-07-01 22:00:00,14.125,0.0,8.05935,246.21796
2016-07-01 23:00:00,5.0,0.0,7.938238,243.83844
2016-07-02 00:00:00,2.875,0.0,7.455074,235.24408
2016-07-02 01:00:00,-5.0,0.0,7.7176747,245.09525
2016-07-02 02:00:00,-2.75,0.0,7.492705,242.15242
2016-07-02 03:00:00,-6.75,0.0,6.8761363,242.96915
2016-07-02 04:00:00,-3.0,2.734375,8.682777,247.12634
2016-07-02 05:00:00,16.875,111.09375,6.9507194,232.30576
2016-07-02 06:00:00,46.0,263.875,8.62047,253.1416
2016-07-02 07:00:00,108.5,366.21875,8.792752,255.17352
2016-07-02 08:00:00,189.0,579.9219,9.070901,258.07068
2016-07-02 09:00:00,212.875,650.7031,8.582322,257.38068
2016-07-02 10:00:00,253.0,512.1406,9.340771,254.47589
2016-07-02 11:00:00,291.875,602.875,10.006248,257.00537
2016-07-02 12:00:00,226.25,625.2969,9.070901,258.07068
2016-07-02 13:00:00,219.75,618.5469,9.003471,268.40887
2016-07-02 14:00:00,260.375,582.5781,9.520537,266.23596
2016-07-02 15:00:00,227.625,567.5781,9.645271,251.09543
2016-07-02 16:00:00,216.625,430.07812,10.320641,286.89865
2016-07-02 17:00:00,161.25,238.03125,8.522947,265.79465
2016-07-02 18:00:00,94.5,163.04688,7.891847,299.4072
2016-07-02 19:00:00,41.625,39.625,6.1871843,225.0
2016-07-02 20:00:00,43.375,1.453125,8.036052,254.66672
2016-07-02 21:00:00,37.5,0.0,9.219544,257.4712
2016-07-02 22:00:00,27.5,0.0,7.81425,262.6476
2016-07-02 23:00:00,18.25,0.0,7.7992387,263.5584
2016-07-03 00:00:00,16.625,0.0,6.525192,253.30075
2016-07-03 01:00:00,7.5,0.0,6.4867654,244.91641
2016-07-03 02:00:00,1.0,0.0,6.0376425,242.90445
2016-07-03 03:00:00,3.5,0.0,5.131094,235.9228
2016-07-03 04:00:00,7.375,8.46875,4.8250647,233.42697
2016-07-03 05:00:00,1.625,109.34375,4.2518377,245.69545
2016-07-03 06:00:00,24.875,257.75,4.9906163,247.9321
2016-07-03 07:00:00,65.375,421.60938,4.6519485,239.30028
2016-07-03 08:00:00,130.625,551.5781,4.926015,234.2933
2016-07-03 09:00:00,189.625,686.1406,5.0,233.1301
2016-07-03 10:00:00,234.375,791.6094,4.4034786,235.40771
2016-07-03 11:00:00,221.25,787.03125,4.1926274,243.43495
2016-07-03 12:00:00,248.5,556.8125,6.0026035,238.627
2016-07-03 13:00:00,224.625,649.71875,4.645226,246.19406
2016-07-03 14:00:00,236.875,413.125,5.778462,231.14662
2016-07-03 15:00:00,256.5,635.4531,4.9529033,227.04541
2016-07-03 16:00:00,184.625,313.6875,5.275237,233.67317
2016-07-03 17:00:00,146.875,171.35938,5.0,233.1301
2016-07-03 18:00:00,123.625,152.64062,5.2216496,227.91084
2016-07-03 19:00:00,93.125,65.265625,6.0207973,221.63354
2016-07-03 20:00:00,63.25,1.109375,6.001302,215.6764
2016-07-03 21:00:00,52.625,0.0,5.778462,218.85338
2016-07-03 22:00:00,45.375,0.0,6.1972775,228.2705
2016-07-03 23:00:00,26.25,0.0,5.525509,232.35239
2016-07-04 00:00:00,12.25,0.0,5.075985,232.00127
2016-07-04 01:00:00,10.5,0.0,4.9953103,238.29857
2016-07-04 02:00:00,1.25,0.0,4.201934,239.62088
2016-07-04 03:00:00,1.25,0.0,3.599045,249.67686
2016-07-04 04:00:00,3.0,8.078125,2.6368778,238.57043
2016-07-04 05:00:00,4.625,107.40625,2.8090255,249.14554
2016-07-04 06:00:00,9.5,256.4375,2.0615528,255.96376
2016-07-04 07:00:00,47.625,416.75,1.9525625,219.80557
2016-07-04 08:00:00,90.25,567.4844,3.0103986,221.63354
2016-07-04 09:00:00,156.5,578.71875,4.515598,228.36646
2016-07-04 10:00:00,213.0,612.6875,5.2514877,231.76617
2016-07-04 11:00:00,182.375,359.48438,5.4097714,229.6859
2016-07-04 12:00:00,220.625,555.4375,5.844335,228.46823
2016-07-04 13:00:00,220.625,348.51562,6.738416,220.48601
2016-07-04 14:00:00,185.5,291.51562,6.894291,225.0
2016-07-04 15:00:00,158.0,208.375,7.090927,220.71085
2016-07-04 16:00:00,132.75,139.8125,7.7801833,223.69804
2016-07-04 17:00:00,122.625,84.375,7.4330344,222.27368
2016-07-04 18:00:00,75.375,84.9375,6.8339686,219.80557
2016-07-04 19:00:00,61.125,35.125,7.267221,220.81508
2016-07-04 20:00:00,50.875,0.578125,7.538443,220.29214
2016-07-04 21:00:00,47.5,0.0,7.9066825,219.22568
2016-07-04 22:00:00,49.25,0.0,6.9877124,222.82526
2016-07-04 23:00:00,37.0,0.0,6.5538635,214.9025
2016-07-05 00:00:00,33.625,0.0,7.225173,217.2664
2016-07-05 01:00:00,29.625,0.0,7.609616,222.337
2016-07-05 02:00:00,14.375,0.0,7.2035146,231.3402
2016-07-05 03:00:00,1.875,0.0,8.667468,236.76828
2016-07-05 04:00:00,4.75,4.078125,8.661156,249.73431
2016-07-05 05:00:00,27.375,53.28125,8.363798,260.5377
2016-07-05 06:00:00,38.625,37.265625,7.6750407,263.4537
2016-07-05 07:00:00,40.5,133.98438,6.635605,266.7603
2016-07-05 08:00:00,72.375,247.59375,7.831228,278.25943
2016-07-05 09:00:00,120.25,269.85938,9.000868,297.27676
2016-07-05 10:00:00,187.25,495.82812,9.083811,304.3461
2016-07-05 11:00:00,225.125,580.21875,8.853848,300.54758
2016-07-05 12:00:00,301.125,745.5,8.7865305,309.80557
2016-07-05 13:00:00,303.25,763.90625,7.601398,315.0
2016-07-05 14:00:00,246.0,519.2656,7.090927,319.28915
2016-07-05 15:00:00,233.625,554.2031,6.8965573,313.5312
2016-07-05 16:00:00,246.5,423.04688,7.783195,299.859
2016-07-05 17:00:00,190.375,261.46875,7.3154373,303.147
2016-07-05 18:00:00,151.75,136.34375,7.828234,308.5169
2016-07-05 19:00:00,86.875,56.21875,7.3961563,300.46555
2016-07-05 20:00:00,71.0,0.75,7.1817913,328.52316
2016-07-05 21:00:00,57.875,0.0,8.555882,334.93256
2016-07-05 22:00:00,32.0,0.0,7.4256735,323.90173
2016-07-05 23:00:00,25.125,0.0,7.178527,324.92627
2016-07-06 00:00:00,17.5,0.0,4.7169905,327.99463
2016-07-06 01:00:00,4.875,0.0,4.531142,335.55603
2016-07-06 02:00:00,-6.25,0.0,4.94501,339.27444
2016-07-06 03:00:00,-6.25,0.0,4.7434163,341.56506
2016-07-06 04:00:00,-14.75,6.671875,5.3400025,339.44397
2016-07-06 05:00:00,-4.125,105.21875,4.9196672,332.78387
2016-07-06 06:00:00,17.5,242.04688,4.1926274,333.43494
2016-07-06 07:00:00,58.375,401.34375,3.7520828,330.01837
2016-07-06 08:00:00,115.75,566.09375,2.971216,337.75098
2016-07-06 09:00:00,162.875,631.8125,2.294695,330.64224
2016-07-06 10:00:00,216.5,780.875,2.576941,309.09387
2016-07-06 11:00:00,182.375,385.5,2.7041636,303.69006
2016-07-06 12:00:00,170.125,492.01562,2.877716,304.38034
2016-07-06 13:00:00,298.0,840.7969,3.520032,286.50436
2016-07-06 14:00:00,276.0,776.53125,2.3782873,273.0128
2016-07-06 15:00:00,294.75,645.5625,3.271563,263.41806
2016-07-06 16:00:00,247.25,447.0625,3.5022314,267.9546
2016-07-06 17:00:00,165.875,275.45312,3.0413814,260.5377
2016-07-06 18:00:00,128.75,172.42188,3.7520828,268.09085
2016-07-06 19:00:00,65.625,48.28125,2.4653854,239.53445
2016-07-06 20:00:00,58.125,0.453125,5.014043,265.71085
2016-07-06 21:00:00,63.0,0.0,6.3651886,250.49756
2016-07-06 22:00:00,50.375,0.0,5.8962383,248.87527
2016-07-06 23:00:00,42.0,0.0,5.4600825,254.0546
2016-07-07 00:00:00,33.875,0.0,4.58428,244.13364
2016-07-07 01:00:00,34.25,0.0,4.160829,237.26477
2016-07-07 02:00:00,25.5,0.0,3.7165172,250.34618
2016-07-07 03:00:00,20.125,0.0,3.5553656,259.87534
2016-07-07 04:00:00,14.75,4.40625,2.5279686,261.46924
2016-07-07 05:00:00,16.0,50.5625,2.8504386,232.12502
2016-07-07 06:00:00,29.625,94.15625,2.8504386,217.87498
2016-07-07 07:00:00,61.875,247.57812,3.826307,218.3675
2016-07-07 08:00:00,98.125,340.625,4.1627064,221.34778
2016-07-07 09:00:00,119.75,407.29688,5.038911,223.99492
2016-07-07 10:00:00,169.5,531.7344,4.7516446,234.63754
2016-07-07 11:00:00,200.625,823.2969,4.160829,237.26477
2016-07-07 12:00:00,269.5,835.7344,4.081207,229.96974
2016-07-07 13:00:00,260.5,467.8125,4.9623585,229.08562
2016-07-07 14:00:00,210.625,113.609375,6.0466933,240.25511
2016-07-07 15:00:00,161.125,380.07812,6.670832,257.00537
2016-07-07 16:00:00,139.75,286.96875,5.816195,261.34747
2016-07-07 17:00:00,123.625,70.21875,5.969977,250.42688
2016-07-07 18:00:00,87.375,43.546875,5.2974052,250.70996
2016-07-07 19:00:00,71.5,21.203125,5.1020827,239.03624
2016-07-07 20:00:00,41.0,0.4375,4.914901,262.69424
2016-07-07 21:00:00,43.0,0.0,4.9529033,259.8245
2016-07-07 22:00:00,29.625,0.0,4.216782,258.02386
2016-07-07 23:00:00,20.75,0.0,3.6336105,243.43495
2016-07-08 00:00:00,27.875,0.0,4.1551924,226.21887
2016-07-08 01:00:00,36.75,0.0,4.650269,216.25385
2016-07-08 02:00:00,36.25,0.0,5.550901,234.16235
2016-07-08 03:00:00,31.5,0.0,4.550069,217.18471
2016-07-08 04:00:00,40.625,2.640625,7.079901,227.8624
2016-07-08 05:00:00,43.625,30.5625,7.828234,231.48308
2016-07-08 06:00:00,43.5,58.9375,8.025351,232.59464
2016-07-08 07:00:00,45.125,69.859375,8.356322,235.35905
2016-07-08 08:00:00,35.75,60.390625,8.125,239.48976
2016-07-08 09:00:00,43.375,83.625,8.427077,249.14554
2016-07-08 10:00:00,53.125,122.359375,8.173891,246.5713
2016-07-08 11:00:00,61.75,190.57812,8.555882,244.93254
2016-07-08 12:00:00,113.75,399.78125,9.076928,247.31943
2016-07-08 13:00:00,120.0,426.92188,9.637979,260.29333
2016-07-08 14:00:00,165.0,507.1875,10.038208,264.99936
2016-07-08 15:00:00,200.75,468.20312,9.753204,268.5312
2016-07-08 16:00:00,170.125,385.15625,10.137338,272.82712
2016-07-08 17:00:00,142.75,269.25,9.166856,275.47736
2016-07-08 18:00:00,96.75,109.203125,9.318161,276.93436
2016-07-08 19:00:00,59.75,32.4375,8.558621,276.70984
2016-07-08 20:00:00,39.0,0.21875,6.5966372,297.0506
2016-07-08 21:00:00,31.125,0.0,6.7140245,294.1791
2016-07-08 22:00:00,16.5,0.0,5.2974052,289.29004
2016-07-08 23:00:00,12.875,0.0,5.126524,271.3972
2016-07-09 00:00:00,20.25,0.0,5.2737556,264.55966
2016-07-09 01:00:00,12.375,0.0,4.631752,266.90594
2016-07-09 02:00:00,2.375,0.0,4.1907635,252.64597
2016-07-09 03:00:00,5.375,0.0,3.365728,248.1986
2016-07-09 04:00:00,8.25,2.109375,3.9784577,223.72697
2016-07-09 05:00:00,9.625,87.453125,3.6336105,206.56505
2016-07-09 06:00:00,17.75,171.04688,4.7169905,212.00539
2016-07-09 07:00:00,55.25,152.60938,6.032464,214.01935
2016-07-09 08:00:00,74.5,284.40625,6.9146585,220.60129
2016-07-09 09:00:00,126.0,430.92188,8.179624,218.79655
2016-07-09 10:00:00,104.625,256.65625,8.772293,220.95552
2016-07-09 11:00:00,141.0,364.85938,9.000868,217.66562
2016-07-09 12:00:00,217.5,688.46875,9.762812,219.80557
2016-07-09 13:00:00,247.75,607.0469,10.266754,227.96094
2016-07-09 14:00:00,270.375,589.7031,9.81469,226.54816
2016-07-09 15:00:00,237.375,424.79688,9.859164,219.34052
2016-07-09 16:00:00,208.875,290.73438,9.830596,221.39153
2016-07-09 17:00:00,163.25,157.21875,10.800029,217.00253
2016-07-09 18:00:00,124.875,102.734375,10.077822,223.99492
2016-07-09 19:00:00,97.25,30.140625,9.284564,223.36342
2016-07-09 20:00:00,81.75,0.21875,9.369164,225.0
2016-07-09 21:00:00,64.5,0.0,8.93116,226.70135
2016-07-09 22:00:00,25.75,0.0,8.149003,228.7314
2016-07-09 23:00:00,25.875,0.0,7.9569154,226.27303
2016-07-10 00:00:00,8.375,0.0,8.628622,218.53018
2016-07-10 01:00:00,29.625,0.0,8.948638,221.03534
2016-07-10 02:00:00,31.5,0.0,8.5850525,222.04922
2016-07-10 03:00:00,21.375,0.0,7.652614,218.3675
2016-07-10 04:00:00,21.25,1.796875,7.0544753,209.74487
2016-07-10 05:00:00,31.625,25.015625,6.875,216.8699
2016-07-10 06:00:00,36.625,40.625,6.6567636,214.28688
2016-07-10 07:00:00,42.0,62.59375,6.375,208.07248
2016-07-10 08:00:00,53.875,74.34375,7.057797,202.9321
2016-07-10 09:00:00,43.75,41.65625,7.3824115,208.30075
2016-07-10 10:00:00,12.125,55.546875,6.7661843,205.14479
2016-07-10 11:00:00,17.25,35.71875,7.938238,206.16156
2016-07-10 12:00:00,29.125,61.484375,8.149003,212.47119
2016-07-10 13:00:00,20.625,98.375,7.775161,216.50143
2016-07-10 14:00:00,66.375,443.07812,7.488533,213.4248
2016-07-10 15:00:00,152.875,600.5781,9.991403,223.47923
2016-07-10 16:00:00,157.5,334.20312,11.011357,219.47246
2016-07-10 17:00:00,153.0,212.98438,11.668601,224.13196
2016-07-10 18:00:00,96.25,180.45312,10.900831,229.18492
2016-07-10 19:00:00,66.75,61.890625,10.789173,223.12213
2016-07-10 20:00:00,52.75,0.3125,10.429825,225.0
2016-07-10 21:00:00,38.5,0.0,9.281198,225.54565
2016-07-10 22:00:00,37.375,0.0,9.467874,227.67543
2016-07-10 23:00:00,30.0,0.0,9.199184,227.2026
2016-07-12 00:00:00,7.625,0.0,4.645226,246.19406
2016-07-12 01:00:00,8.5,0.0,5.369183,245.22485
2016-07-12 02:00:00,11.25,0.0,4.310235,240.46121
2016-07-12 03:00:00,9.5,0.0,4.0253105,244.23068
2016-07-12 04:00:00,6.125,1.9375,4.310235,240.46121
2016-07-12 05:00:00,12.125,21.34375,4.200074,233.47115
2016-07-12 06:00:00,23.75,119.03125,4.978077,241.50436
2016-07-12 07:00:00,73.0,276.03125,5.3764534,252.40758
2016-07-12 08:00:00,85.0,290.84375,5.8523498,250.01689
2016-07-12 09:00:00,122.75,432.42188,4.317479,247.89055
2016-07-12 10:00:00,159.375,747.03125,3.2015622,231.3402
2016-07-12 11:00:00,144.125,108.9375,6.9832387,225.72522
2016-07-12 12:00:00,90.875,232.20312,4.8104706,245.43283
2016-07-12 13:00:00,85.875,741.4844,3.5399506,222.1376
2016-07-12 14:00:00,138.75,419.78125,6.7650294,253.90918
2016-07-12 15:00:00,127.125,307.90625,6.894291,247.61987
2016-07-12 16:00:00,177.375,202.96875,7.40038,307.45056
2016-07-12 17:00:00,162.0,109.71875,8.419657,310.78583
2016-07-12 18:00:00,110.25,131.4375,8.133649,316.24536
2016-07-12 19:00:00,89.75,9.609375,8.43449,309.58813
2016-07-12 20:00:00,67.375,0.015625,9.5271,308.07278
2016-07-12 21:00:00,55.75,0.0,8.690871,319.66687
2016-07-12 22:00:00,-22.25,0.0,9.49095,319.80795
2016-07-12 23:00:00,-20.0,0.0,7.828234,308.5169
2016-07-13 00:00:00,14.5,0.0,4.506939,340.55997
2016-07-13 01:00:00,19.875,0.0,3.8344655,340.9744
2016-07-13 02:00:00,21.75,0.0,3.0872722,328.2405
2016-07-13 03:00:00,20.25,0.0,4.3535185,320.82635
2016-07-13 04:00:00,9.0,0.53125,2.6575365,311.1859
2016-07-13 05:00:00,16.0,44.6875,4.0253105,306.1582
2016-07-13 06:00:00,34.5,186.79688,4.3391385,311.49646
2016-07-13 07:00:00,69.125,356.15625,5.3502336,322.59464
2016-07-13 08:00:00,122.5,541.28125,5.075985,322.00128
2016-07-13 09:00:00,187.75,662.0469,5.725491,323.88068
2016-07-13 10:00:00,242.125,754.4531,6.25,323.1301
2016-07-13 11:00:00,287.375,813.1406,6.032464,325.98065
2016-07-13 12:00:00,245.75,316.71875,6.467467,318.91824
2016-07-13 13:00:00,184.125,290.875,6.754628,308.991
2016-07-13 14:00:00,251.25,357.03125,8.008784,304.18613
2016-07-13 15:00:00,198.25,364.51562,5.9384866,319.26788
2016-07-13 16:00:00,176.25,127.3125,6.864765,303.11133
2016-07-13 17:00:00,250.0,163.9375,9.778804,327.5288
2016-07-13 18:00:00,60.625,30.765625,6.820236,318.7153
2016-07-13 19:00:00,56.75,27.171875,6.155536,293.9625
2016-07-13 20:00:00,41.25,0.03125,6.731456,285.06848
2016-07-13 21:00:00,26.125,0.0,10.00781,279.34467
2016-07-13 22:00:00,16.0,0.0,6.5966372,297.0506
2016-07-13 23:00:00,44.625,0.0,6.3737745,281.30994
2016-07-14 00:00:00,3.625,0.0,4.333734,303.23172
2016-07-14 01:00:00,-6.375,0.0,4.854122,304.50854
2016-07-14 02:00:00,-12.375,0.0,5.147815,299.05463
2016-07-14 03:00:00,-1.5,0.0,4.5449147,301.50427
2016-07-14 04:00:00,2.875,1.171875,5.1750603,307.1467
2016-07-14 05:00:00,12.875,47.265625,4.685416,316.08093
2016-07-14 06:00:00,22.75,200.89062,4.854122,325.49146
2016-07-14 07:00:00,70.875,311.25,5.816195,331.78265
2016-07-14 08:00:00,127.5,511.07812,5.2574353,341.99585
2016-07-14 09:00:00,194.375,624.9219,5.153882,337.16632
2016-07-14 10:00:00,244.875,741.34375,4.930771,329.53445
2016-07-14 11:00:00,257.875,676.40625,4.9005737,322.2532
2016-07-14 12:00:00,256.625,656.65625,4.650269,323.74615
2016-07-14 13:00:00,258.5,767.4844,4.926015,324.2933
2016-07-14 14:00:00,301.125,709.625,5.038911,313.99493
2016-07-14 15:00:00,260.75,546.4844,4.9529033,317.0454
2016-07-14 16:00:00,244.75,487.84375,5.315073,311.1859
2016-07-14 17:00:00,169.5,272.46875,5.3982058,317.81555
2016-07-14 18:00:00,120.125,158.73438,5.5368085,331.69922
2016-07-14 19:00:00,80.5,44.53125,6.032464,325.98065
2016-07-14 20:00:00,25.5,0.0,4.5294175,320.59933
2016-07-14 21:00:00,1.75,0.0,3.905125,309.80557
2016-07-14 22:00:00,1.125,0.0,3.3283818,304.28687
2016-07-14 23:00:00,1.0,0.0,3.5816371,330.75116
2016-07-15 00:00:00,-1.125,0.0,4.550069,290.9245
2016-07-15 01:00:00,1.5,0.0,2.5,270.0
2016-07-15 02:00:00,0.875,0.0,1.767767,261.8699
2016-07-15 03:00:00,3.0,0.0,1.8791621,266.1859
2016-07-15 04:00:00,0.375,1.234375,2.6100767,286.69925
2016-07-15 05:00:00,2.875,86.25,3.8770156,290.77225
2016-07-15 06:00:00,7.875,179.09375,2.1396554,276.70984
2016-07-15 07:00:00,54.125,358.3125,3.252403,267.7974
2016-07-15 08:00:00,125.375,514.40625,4.5,270.0
2016-07-15 09:00:00,174.5,609.03125,4.515598,265.23636
2016-07-15 10:00:00,205.625,579.8281,4.631752,266.90594
2016-07-15 11:00:00,180.375,330.20312,4.7070427,259.28687
2016-07-15 12:00:00,184.5,370.60938,5.495737,252.80145
2016-07-15 13:00:00,147.625,202.3125,6.25125,268.85425
2016-07-15 14:00:00,113.875,131.54688,6.8007355,252.89728
2016-07-15 15:00:00,106.625,103.140625,7.8302298,253.30075
2016-07-15 16:00:00,107.5,91.3125,7.828234,250.40771
2016-07-15 17:00:00,89.375,121.921875,7.6750407,239.67639
2016-07-15 18:00:00,50.25,92.765625,8.163371,244.61209
2016-07-15 19:00:00,31.0,40.171875,8.288734,246.91486
2016-07-15 20:00:00,24.875,0.0,9.210218,251.81096
2016-07-15 21:00:00,24.0,0.0,9.729144,249.70242
2016-07-15 22:00:00,9.125,0.0,9.091548,251.56505
2016-07-15 23:00:00,2.375,0.0,7.1730833,247.45694
2016-07-16 00:00:00,16.375,0.0,7.8938265,259.04593
2016-07-16 01:00:00,16.25,0.0,7.9941382,260.09583
2016-07-16 02:00:00,12.875,0.0,7.488533,255.49983
2016-07-16 03:00:00,10.25,0.0,6.8784084,250.90651
2016-07-16 04:00:00,12.625,0.5625,7.2219286,246.54099
2016-07-16 05:00:00,17.25,33.859375,7.4035463,258.31064
2016-07-16 06:00:00,24.0,93.71875,6.2060957,260.72742
2016-07-16 07:00:00,40.125,207.9375,5.8215656,255.06857
2016-07-16 08:00:00,65.375,316.98438,5.533986,251.56505
2016-07-16 09:00:00,108.625,411.375,5.912117,256.5514
2016-07-16 10:00:00,144.5,538.6719,5.7118297,246.8014
2016-07-16 11:00:00,174.25,564.21875,5.4829283,245.77225
2016-07-16 12:00:00,144.125,277.70312,6.1301,253.41266
2016-07-16 13:00:00,216.625,662.4531,7.6750407,263.4537
2016-07-16 14:00:00,236.0,592.96875,7.875,270.0
2016-07-16 15:00:00,174.5,349.29688,7.775161,274.61066
2016-07-16 16:00:00,169.375,284.8125,8.186307,277.0165
2016-07-16 17:00:00,158.75,302.75,9.463747,282.20047
2016-07-16 18:00:00,119.625,177.1875,9.334077,277.69604
2016-07-16 19:00:00,80.75,56.859375,8.647615,274.14462
2016-07-16 20:00:00,46.25,0.0,8.500919,270.84253
2016-07-16 21:00:00,36.25,0.0,7.267221,266.0548
2016-07-16 22:00:00,35.0,0.0,6.418966,263.29016
2016-07-16 23:00:00,26.0,0.0,6.394578,265.51538
2016-07-17 00:00:00,38.875,0.0,5.3808107,267.337
2016-07-17 01:00:00,27.625,0.0,5.762215,266.26862
2016-07-17 02:00:00,21.75,0.0,5.255949,267.27368
2016-07-17 03:00:00,18.625,0.0,5.014043,265.71085
2016-07-17 04:00:00,17.5,0.46875,5.0990195,258.69006
2016-07-17 05:00:00,27.25,51.171875,5.66927,255.96376
2016-07-17 06:00:00,44.0,117.15625,6.087898,250.821
2016-07-17 07:00:00,56.875,201.10938,6.2774396,257.34744
2016-07-17 08:00:00,88.75,251.75,5.981743,259.1597
2016-07-17 09:00:00,105.875,347.42188,5.4270735,255.32361
2016-07-17 10:00:00,116.375,383.84375,5.8215656,255.06857
2016-07-17 11:00:00,141.625,490.92188,6.033759,256.82745
2016-07-17 12:00:00,196.0,640.78125,5.637486,266.1859
2016-07-17 13:00:00,157.375,464.01562,5.369183,257.90524
2016-07-17 14:00:00,144.125,366.59375,5.762215,282.5288
2016-07-17 15:00:00,151.0,363.9375,6.1045575,280.61966
2016-07-17 16:00:00,166.125,449.79688,7.537407,275.7106
2016-07-17 17:00:00,150.25,293.70312,7.4130373,275.80673
2016-07-17 18:00:00,92.5,167.95312,6.7788734,275.29007
2016-07-17 19:00:00,63.25,53.25,7.4424877,277.72183
2016-07-17 20:00:00,33.875,0.0,7.110731,280.12466
2016-07-17 21:00:00,22.25,0.0,5.8108196,288.8247
2016-07-17 22:00:00,19.0,0.0,5.7906175,283.73627
2016-07-17 23:00:00,21.625,0.0,4.759858,283.67133
